学籍番号,名前,ふりがな,性別,パスワード
s20191401,ユーザー１,ユーザー,女,1111
s20191402,ユーザー２,ユーザー,女,1112
s20191403,ユーザー３,ユーザー,女,1113
s20191404,ユーザー４,ユーザー,女,1114
s20191405,ユーザー５,ユーザー,女,1115
s20191406,ユーザー６,ユーザー,女,1116
s20191407,ユーザー７,ユーザー,女,1117
s20191408,ユーザー８,ユーザー,女,1118
s20191409,ユーザー９,ユーザー,女,1119
s20191410,ユーザー１０,ユーザー,女,1120
s20191411,ユーザー１１,ユーザー,女,1121
s20191412,ユーザー１２,ユーザー,女,1122
s20191413,ユーザー１３,ユーザー,女,1123
s20191414,ユーザー１４,ユーザー,女,1124
s20191415,ユーザー１５,ユーザー,女,1125
s20191416,ユーザー１６,ユーザー,女,1126
s20191417,ユーザー１７,ユーザー,女,1127
s20191418,ユーザー１８,ユーザー,女,1128
s20191419,ユーザー１９,ユーザー,女,1129
s20191420,ユーザー２０,ユーザー,女,1130
s20191421,ユーザー２１,ユーザー,女,1131
s20191422,ユーザー２２,ユーザー,女,1132
s20191423,ユーザー２３,ユーザー,女,1133
s20191424,ユーザー２４,ユーザー,女,1134
s20191425,ユーザー２５,ユーザー,女,1135
s20191426,ユーザー２６,ユーザー,女,1136
s20191427,ユーザー２７,ユーザー,女,1137
s20191428,ユーザー２８,ユーザー,女,1138
s20191429,ユーザー２９,ユーザー,女,1139
s20191430,ユーザー３０,ユーザー,女,1140
s20191431,ユーザー３１,ユーザー,女,1141
s20191432,ユーザー３２,ユーザー,女,1142
s20191433,ユーザー３３,ユーザー,女,1143
s20191434,ユーザー３４,ユーザー,女,1144
s20191435,ユーザー３５,ユーザー,女,1145
s20191436,ユーザー３６,ユーザー,女,1146
s20191437,ユーザー３７,ユーザー,女,1147
s20191438,ユーザー３８,ユーザー,女,1148
s20191439,ユーザー３９,ユーザー,女,1149
s20191440,ユーザー４０,ユーザー,女,1150
